,date,block,timestamp
0,2022-04-25T00:00:00Z,14650515,1650844804
1,2022-04-25T01:00:00Z,14650789,1650848411
2,2022-04-25T02:00:00Z,14651041,1650852008
3,2022-04-25T03:00:00Z,14651321,1650855605
4,2022-04-25T04:00:00Z,14651576,1650859213
5,2022-04-25T05:00:00Z,14651822,1650862809
6,2022-04-25T06:00:00Z,14652095,1650866406
7,2022-04-25T07:00:00Z,14652339,1650870002
8,2022-04-25T08:00:00Z,14652595,1650873615
9,2022-04-25T09:00:00Z,14652868,1650877201
10,2022-04-25T10:00:00Z,14653146,1650880812
11,2022-04-25T11:00:00Z,14653405,1650884400
12,2022-04-25T12:00:00Z,14653673,1650888000
13,2022-04-25T13:00:00Z,14653933,1650891614
14,2022-04-25T14:00:00Z,14654206,1650895219
15,2022-04-25T15:00:00Z,14654451,1650898829
16,2022-04-25T16:00:00Z,14654723,1650902400
17,2022-04-25T17:00:00Z,14654976,1650906004
18,2022-04-25T18:00:00Z,14655238,1650909604
19,2022-04-25T19:00:00Z,14655524,1650913214
20,2022-04-25T20:00:00Z,14655789,1650916813
21,2022-04-25T21:00:00Z,14656058,1650920420
22,2022-04-25T22:00:00Z,14656311,1650924006
23,2022-04-25T23:00:00Z,14656587,1650927602
24,2022-04-26T00:00:00Z,14656857,1650931202
25,2022-04-26T01:00:00Z,14657100,1650934808
26,2022-04-26T02:00:00Z,14657389,1650938419
27,2022-04-26T03:00:00Z,14657676,1650942033
28,2022-04-26T04:00:00Z,14657941,1650945627
29,2022-04-26T05:00:00Z,14658221,1650949219
30,2022-04-26T06:00:00Z,14658476,1650952801
31,2022-04-26T07:00:00Z,14658733,1650956419
32,2022-04-26T08:00:00Z,14658985,1650960002
33,2022-04-26T09:00:00Z,14659240,1650963607
34,2022-04-26T10:00:00Z,14659509,1650967204
35,2022-04-26T11:00:00Z,14659776,1650970808
36,2022-04-26T12:00:00Z,14660018,1650974441
37,2022-04-26T13:00:00Z,14660289,1650978010
38,2022-04-26T14:00:00Z,14660535,1650981608
39,2022-04-26T15:00:00Z,14660792,1650985228
40,2022-04-26T16:00:00Z,14661059,1650988812
41,2022-04-26T17:00:00Z,14661323,1650992409
42,2022-04-26T18:00:00Z,14661595,1650996006
43,2022-04-26T19:00:00Z,14661843,1650999616
44,2022-04-26T20:00:00Z,14662097,1651003203
45,2022-04-26T21:00:00Z,14662367,1651006801
46,2022-04-26T22:00:00Z,14662636,1651010407
47,2022-04-26T23:00:00Z,14662914,1651014006
48,2022-04-27T00:00:00Z,14663177,1651017617
49,2022-04-27T01:00:00Z,14663426,1651021202
50,2022-04-27T02:00:00Z,14663718,1651024814
51,2022-04-27T03:00:00Z,14663996,1651028407
52,2022-04-27T04:00:00Z,14664253,1651032013
53,2022-04-27T05:00:00Z,14664511,1651035611
54,2022-04-27T06:00:00Z,14664769,1651039200
55,2022-04-27T07:00:00Z,14665015,1651042809
56,2022-04-27T08:00:00Z,14665288,1651046401
57,2022-04-27T09:00:00Z,14665558,1651050002
58,2022-04-27T10:00:00Z,14665832,1651053658
59,2022-04-27T11:00:00Z,14666088,1651057215
60,2022-04-27T12:00:00Z,14666337,1651060801
61,2022-04-27T13:00:00Z,14666630,1651064402
62,2022-04-27T14:00:00Z,14666880,1651068032
63,2022-04-27T15:00:00Z,14667165,1651071624
64,2022-04-27T16:00:00Z,14667462,1651075219
65,2022-04-27T17:00:00Z,14667739,1651078813
66,2022-04-27T18:00:00Z,14668002,1651082400
67,2022-04-27T19:00:00Z,14668253,1651086018
68,2022-04-27T20:00:00Z,14668527,1651089608
69,2022-04-27T21:00:00Z,14668775,1651093210
70,2022-04-27T22:00:00Z,14669035,1651096810
71,2022-04-27T23:00:00Z,14669274,1651100406
72,2022-04-28T00:00:00Z,14669558,1651104002
73,2022-04-28T01:00:00Z,14669819,1651107611
74,2022-04-28T02:00:00Z,14670088,1651111200
75,2022-04-28T03:00:00Z,14670372,1651114804
76,2022-04-28T04:00:00Z,14670650,1651118403
77,2022-04-28T05:00:00Z,14670878,1651122012
78,2022-04-28T06:00:00Z,14671144,1651125603
79,2022-04-28T07:00:00Z,14671397,1651129203
80,2022-04-28T08:00:00Z,14671674,1651132804
81,2022-04-28T09:00:00Z,14671958,1651136405
82,2022-04-28T10:00:00Z,14672213,1651140006
83,2022-04-28T11:00:00Z,14672467,1651143622
84,2022-04-28T12:00:00Z,14672733,1651147201
85,2022-04-28T13:00:00Z,14672995,1651150809
86,2022-04-28T14:00:00Z,14673263,1651154410
87,2022-04-28T15:00:00Z,14673506,1651158001
88,2022-04-28T16:00:00Z,14673771,1651161607
89,2022-04-28T17:00:00Z,14674014,1651165202
90,2022-04-28T18:00:00Z,14674306,1651168817
91,2022-04-28T19:00:00Z,14674574,1651172410
92,2022-04-28T20:00:00Z,14674838,1651176019
93,2022-04-28T21:00:00Z,14675088,1651179601
94,2022-04-28T22:00:00Z,14675350,1651183206
95,2022-04-28T23:00:00Z,14675619,1651186850
96,2022-04-29T00:00:00Z,14675906,1651190458
97,2022-04-29T01:00:00Z,14676172,1651194000
98,2022-04-29T02:00:00Z,14676441,1651197605
99,2022-04-29T03:00:00Z,14676696,1651201211
100,2022-04-29T04:00:00Z,14676966,1651204817
101,2022-04-29T05:00:00Z,14677224,1651208401
102,2022-04-29T06:00:00Z,14677495,1651212000
103,2022-04-29T07:00:00Z,14677762,1651215605
104,2022-04-29T08:00:00Z,14678008,1651219215
105,2022-04-29T09:00:00Z,14678271,1651222830
106,2022-04-29T10:00:00Z,14678517,1651226430
107,2022-04-29T11:00:00Z,14678780,1651230007
108,2022-04-29T12:00:00Z,14679059,1651233606
109,2022-04-29T13:00:00Z,14679310,1651237206
110,2022-04-29T14:00:00Z,14679603,1651240821
111,2022-04-29T15:00:00Z,14679873,1651244404
112,2022-04-29T16:00:00Z,14680128,1651248009
113,2022-04-29T17:00:00Z,14680425,1651251610
114,2022-04-29T18:00:00Z,14680694,1651255206
115,2022-04-29T19:00:00Z,14680964,1651258817
116,2022-04-29T20:00:00Z,14681238,1651262443
117,2022-04-29T21:00:00Z,14681510,1651266007
118,2022-04-29T22:00:00Z,14681754,1651269612
119,2022-04-29T23:00:00Z,14682017,1651273230
120,2022-04-30T00:00:00Z,14682282,1651276808
121,2022-04-30T01:00:00Z,14682553,1651280402
122,2022-04-30T02:00:00Z,14682808,1651284018
123,2022-04-30T03:00:00Z,14683080,1651287630
124,2022-04-30T04:00:00Z,14683337,1651291200
125,2022-04-30T05:00:00Z,14683621,1651294808
126,2022-04-30T06:00:00Z,14683891,1651298401
127,2022-04-30T07:00:00Z,14684135,1651302008
128,2022-04-30T08:00:00Z,14684405,1651305606
129,2022-04-30T09:00:00Z,14684682,1651309206
130,2022-04-30T10:00:00Z,14684943,1651312817
131,2022-04-30T11:00:00Z,14685204,1651316406
132,2022-04-30T12:00:00Z,14685454,1651320045
133,2022-04-30T13:00:00Z,14685732,1651323609
134,2022-04-30T14:00:00Z,14685986,1651327202
135,2022-04-30T15:00:00Z,14686266,1651330805
136,2022-04-30T16:00:00Z,14686532,1651334403
137,2022-04-30T17:00:00Z,14686773,1651338000
138,2022-04-30T18:00:00Z,14687031,1651341611
139,2022-04-30T19:00:00Z,14687324,1651345206
140,2022-04-30T20:00:00Z,14687592,1651348812
141,2022-04-30T21:00:00Z,14687873,1651352405
142,2022-04-30T22:00:00Z,14688134,1651356000
143,2022-04-30T23:00:00Z,14688369,1651359607
144,2022-05-01T00:00:00Z,14688630,1651363205
145,2022-05-01T01:00:00Z,14688877,1651366820
146,2022-05-01T02:00:00Z,14689153,1651370420
147,2022-05-01T03:00:00Z,14689424,1651374000
148,2022-05-01T04:00:00Z,14689691,1651377623
149,2022-05-01T05:00:00Z,14689985,1651381224
150,2022-05-01T06:00:00Z,14690268,1651384816
151,2022-05-01T07:00:00Z,14690544,1651388406
152,2022-05-01T08:00:00Z,14690800,1651392033
153,2022-05-01T09:00:00Z,14691053,1651395614
154,2022-05-01T10:00:00Z,14691320,1651399209
155,2022-05-01T11:00:00Z,14691568,1651402801
156,2022-05-01T12:00:00Z,14691833,1651406440
157,2022-05-01T13:00:00Z,14692111,1651410007
158,2022-05-01T14:00:00Z,14692371,1651413614
159,2022-05-01T15:00:00Z,14692640,1651417213
160,2022-05-01T16:00:00Z,14692909,1651420801
161,2022-05-01T17:00:00Z,14693154,1651424416
162,2022-05-01T18:00:00Z,14693425,1651428002
163,2022-05-01T19:00:00Z,14693683,1651431629
164,2022-05-01T20:00:00Z,14693939,1651435203
165,2022-05-01T21:00:00Z,14694211,1651438826
166,2022-05-01T22:00:00Z,14694494,1651442463
167,2022-05-01T23:00:00Z,14694750,1651446013
168,2022-05-02T00:00:00Z,14695011,1651449603
169,2022-05-02T01:00:00Z,14695290,1651453204
170,2022-05-02T02:00:00Z,14695585,1651456863
171,2022-05-02T03:00:00Z,14695825,1651460402
172,2022-05-02T04:00:00Z,14696080,1651464001
173,2022-05-02T05:00:00Z,14696351,1651467609
174,2022-05-02T06:00:00Z,14696610,1651471208
175,2022-05-02T07:00:00Z,14696889,1651474814
176,2022-05-02T08:00:00Z,14697144,1651478422
177,2022-05-02T09:00:00Z,14697396,1651482003
178,2022-05-02T10:00:00Z,14697661,1651485608
179,2022-05-02T11:00:00Z,14697914,1651489209
180,2022-05-02T12:00:00Z,14698156,1651492801
181,2022-05-02T13:00:00Z,14698395,1651496404
182,2022-05-02T14:00:00Z,14698680,1651500012
183,2022-05-02T15:00:00Z,14698977,1651503604
184,2022-05-02T16:00:00Z,14699270,1651507204
185,2022-05-02T17:00:00Z,14699523,1651510820
186,2022-05-02T18:00:00Z,14699782,1651514433
187,2022-05-02T19:00:00Z,14700014,1651518010
188,2022-05-02T20:00:00Z,14700271,1651521606
189,2022-05-02T21:00:00Z,14700535,1651525210
190,2022-05-02T22:00:00Z,14700794,1651528811
191,2022-05-02T23:00:00Z,14701067,1651532409
192,2022-05-03T00:00:00Z,14701369,1651536004
193,2022-05-03T01:00:00Z,14701624,1651539610
194,2022-05-03T02:00:00Z,14701901,1651543256
195,2022-05-03T03:00:00Z,14702156,1651546840
196,2022-05-03T04:00:00Z,14702401,1651550421
197,2022-05-03T05:00:00Z,14702663,1651554012
198,2022-05-03T06:00:00Z,14702924,1651557617
199,2022-05-03T07:00:00Z,14703195,1651561204
200,2022-05-03T08:00:00Z,14703453,1651564804
201,2022-05-03T09:00:00Z,14703745,1651568423
202,2022-05-03T10:00:00Z,14703988,1651572001
203,2022-05-03T11:00:00Z,14704240,1651575605
204,2022-05-03T12:00:00Z,14704524,1651579248
205,2022-05-03T13:00:00Z,14704780,1651582807
206,2022-05-03T14:00:00Z,14705039,1651586421
207,2022-05-03T15:00:00Z,14705301,1651590007
208,2022-05-03T16:00:00Z,14705581,1651593612
209,2022-05-03T17:00:00Z,14705851,1651597217
210,2022-05-03T18:00:00Z,14706106,1651600816
211,2022-05-03T19:00:00Z,14706393,1651604405
212,2022-05-03T20:00:00Z,14706669,1651608001
213,2022-05-03T21:00:00Z,14706934,1651611604
214,2022-05-03T22:00:00Z,14707182,1651615206
215,2022-05-03T23:00:00Z,14707435,1651618805
216,2022-05-04T00:00:00Z,14707706,1651622407
217,2022-05-04T01:00:00Z,14707942,1651626013
218,2022-05-04T02:00:00Z,14708194,1651629601
219,2022-05-04T03:00:00Z,14708467,1651633213
220,2022-05-04T04:00:00Z,14708726,1651636820
221,2022-05-04T05:00:00Z,14708973,1651640425
222,2022-05-04T06:00:00Z,14709220,1651644003
223,2022-05-04T07:00:00Z,14709489,1651647627
224,2022-05-04T08:00:00Z,14709745,1651651207
225,2022-05-04T09:00:00Z,14709996,1651654814
226,2022-05-04T10:00:00Z,14710254,1651658416
227,2022-05-04T11:00:00Z,14710540,1651662005
228,2022-05-04T12:00:00Z,14710810,1651665614
229,2022-05-04T13:00:00Z,14711084,1651669207
230,2022-05-04T14:00:00Z,14711364,1651672806
231,2022-05-04T15:00:00Z,14711619,1651676407
232,2022-05-04T16:00:00Z,14711870,1651680029
233,2022-05-04T17:00:00Z,14712139,1651683600
234,2022-05-04T18:00:00Z,14712400,1651687226
235,2022-05-04T19:00:00Z,14712670,1651690810
236,2022-05-04T20:00:00Z,14712916,1651694408
237,2022-05-04T21:00:00Z,14713155,1651698002
238,2022-05-04T22:00:00Z,14713434,1651701607
239,2022-05-04T23:00:00Z,14713702,1651705202
240,2022-05-05T00:00:00Z,14713964,1651708827
